Text,Sentiment,Final_Sentiment
 Enjoying a beautiful day at the park!              ,Positive,Positive
 Traffic was terrible this morning.                 ,Negative,Negative
 Just finished an amazing workout! 💪               ,Positive,Positive
 Excited about the upcoming weekend getaway!        ,Positive,Positive
 Trying out a new recipe for dinner tonight.        ,Neutral,Neutral
 Feeling grateful for the little things in life.    ,Positive,Positive
 Rainy days call for cozy blankets and hot cocoa.   ,Positive,Positive
 The new movie release is a must-watch!             ,Positive,Positive
 Political discussions heating up on the timeline.  ,Negative,Negative
 Missing summer vibes and beach days.               ,Neutral,Neutral
 Just published a new blog post. Check it out!      ,Positive,Positive
 Feeling a bit under the weather today.             ,Negative,Negative
 Exploring the city's hidden gems.                  ,Positive,Positive
" New year, new fitness goals! 💪                    ",Positive,Positive
 Technology is changing the way we live.            ,Neutral,Neutral
 Reflecting on the past and looking ahead.          ,Positive,Positive
 Just adopted a cute furry friend! 🐾              ,Positive,Positive
 Late-night gaming session with friends.            ,Positive,Positive
 Attending a virtual conference on AI.              ,Neutral,Neutral
 Winter blues got me feeling low.                   ,Negative,Negative
 Sipping coffee and enjoying a good book.           ,Positive,Positive
 Exploring the world of virtual reality.            ,Positive,Positive
 Productive day ticking off my to-do list.          ,Positive,Positive
 Just finished a challenging workout routine.       ,Positive,Positive
 Celebrating a milestone at work! 🎉               ,Positive,Positive
 Sunday brunch with friends.                        ,Positive,Positive
 Learning a new language for personal growth.       ,Positive,Positive
 Quiet evening with a good book.                    ,Positive,Positive
 Reflecting on the importance of mental health.     ,Positive,Positive
 New painting in progress! 🎨                       ,Positive,Positive
 Weekend road trip to explore scenic views.         ,Positive,Positive
 Enjoying a cup of tea and watching the sunset.     ,Positive,Positive
 Coding a new project with enthusiasm.              ,Positive,Positive
 Feeling inspired after attending a workshop.       ,Positive,Positive
 Winter sports day at the local park.               ,Positive,Positive
 Quality time with family this weekend.             ,Positive,Positive
 Attending a live music concert tonight.            ,Positive,Positive
 Practicing mindfulness with meditation.            ,Positive,Positive
 Trying out a new dessert recipe.                   ,Positive,Positive
 Excited about the upcoming gaming tournament.      ,Positive,Positive
 Planning a garden makeover for spring.             ,Positive,Positive
 Celebrating a friend's birthday tonight! 🎂       ,Positive,Positive
 Feeling accomplished after a productive day.       ,Positive,Positive
 A cozy evening with a good movie.                 ,Positive,Positive
 Exploring local art galleries this weekend.        ,Positive,Positive
 New book release from my favorite author!          ,Positive,Positive
 Attending a virtual reality meetup.                ,Positive,Positive
 Reflecting on the beauty of nature.                ,Positive,Positive
 Cooking a special dinner for loved ones.           ,Positive,Positive
 Feeling optimistic about the week ahead.           ,Positive,Positive
 Starting a new fitness challenge tomorrow! 💪     ,Positive,Positive
 Sunday bike ride through scenic trails.           ,Positive,Positive
 Can't believe the injustice happening in our society.,Anger,Negative
 Feeling a sense of fear after watching a thriller movie. ,Fear,Negative
 Heartbroken after hearing the news about a natural disaster. ,Sadness,Negative
 The state of the world's environment is just disgusting. ,Disgust,Negative
 Pure happiness: celebrating a loved one's achievement! ,Happiness,Positive
 Laughter is the best medicine—enjoying a comedy show. ,Joy,Positive
 Sharing love and positive vibes with everyone! ❤️      ,Love,Positive
 An amusing incident brightened up my day!               ,Amusement,Positive
 Admiring the beauty of nature during a peaceful hike.   ,Admiration,Positive
 Excitement building up for the upcoming vacation!       ,Excitement,Positive
 Pride in achieving a personal milestone.               ,Pride,Positive
 A moment of shame for not standing up against injustice. ,Shame,Negative
 Fuming with anger after a heated argument.            ,Anger,Negative
 The fear of the unknown is keeping me up at night.    ,Fear,Negative
 Heartfelt sadness after bidding farewell to a dear friend. ,Sadness,Negative
 The state of corruption in our society is utterly disgusting. ,Disgust,Negative
 Overflowing happiness: welcoming a new family member!  ,Happiness,Positive
 Laughter is the key to joy—attending a stand-up comedy show. ,Joy,Positive
 Sending love to all my followers on this beautiful day! ❤️ ,Love,Positive
 Amused by the antics of my pet—it's pure amusement!      ,Amusement,Positive
 Admiring the dedication of volunteers at a local charity. ,Admiration,Positive
 Excitement building up for a surprise birthday party.   ,Excitement,Positive
 Pride in completing a challenging fitness challenge.    ,Pride,Positive
 A moment of shame for not speaking up against injustice.,Shame,Negative
 Excitement for a quiet evening with a good book.        ,Excitement,Positive
 Excitement for a weekend road trip to explore new places. ,Excitement,Positive
 Pride in accomplishing personal and professional goals.  ,Pride,Positive
 Shame for not being true to my values in a difficult situation.,Shame,Negative
" Embracing the beauty of nature, a moment of contentment. ",Contentment,Positive
 Overflowing with gratitude for life's blessings.      ,Gratitude,Positive
" Hopeful for a brighter tomorrow, despite challenges.  ",Hope,Positive
 Enthusiastically diving into a new project.            ,Enthusiasm,Positive
 Contentment in the simplicity of a quiet Sunday.       ,Contentment,Positive
 Gratitude for the support received during tough times. ,Gratitude,Positive
 Hopeful about the possibilities of a new journey.      ,Hope,Positive
 Enthusiasm for a creative project in the making.       ,Enthusiasm,Positive
 Contentment in the simplicity of a home-cooked meal. ,Contentment,Positive
 Gratitude for the supportive community around me.    ,Gratitude,Positive
 Hopeful about the prospects of a new business venture.,Hope,Positive
 Enthusiasm for a new artistic project in the works.  ,Enthusiasm,Positive
 Contentment in the embrace of a loved one.           ,Contentment,Positive
 Gratitude for the small joys that each day brings.   ,Gratitude,Positive
 Hopeful about the potential for personal growth.      ,Hope,Positive
 Enthusiasm for a DIY home improvement project.       ,Enthusiasm,Positive
" Overwhelmed by grief, missing a loved one dearly.  ",Grief,Negative
 Frustration mounts as obstacles block my path.     ,Frustration,Negative
" Boredom sets in, the day feels endlessly dull.     ",Boredom,Negative
" Anxiety grips my heart, worry clouds my thoughts.  ",Anxiety,Negative
 Regret over missed opportunities haunts my thoughts.,Regret,Negative
 Disgust at the sight of injustice and cruelty.     ,Disgust,Negative
" Grief weighs heavy, tears a constant companion.    ",Grief,Negative
" Frustration boils over, a volcanic eruption of emotions.",Frustration,Negative
" Boredom settles like dust, life feels mundane.     ",Boredom,Negative
" Anxiety grips my chest, a relentless grip on my thoughts.",Anxiety,Negative
 Regret for decisions that led to a painful present.,Regret,Negative
 Disgust at the corruption that stains society.     ,Disgust,Negative
" Grief overwhelms, a storm of emotions within.      ",Grief,Negative
" Frustration escalates, a thunderstorm of emotions. ",Frustration,Negative
" Boredom lingers, a stagnant pool of indifference.  ",Boredom,Negative
" Lost in the vast sea of information, an indifferent wave in the digital ocean. ",Indifference,Neutral
" Floating through the day with an air of indifference, detached from the mundane happenings around. ",Indifference,Neutral
" Drifting through the day with a nonchalant demeanor, embracing the art of indifference. ",Indifference,Neutral
" Indifferent to the noise of the world, a silent observer in the midst of life's cacophony. ",Indifference,Neutral
" Drifting through the day with an air of nonchalance, indifferent to the trivialities of life. ",Indifference,Neutral
" Basking in the golden glow of contentment, a serene river flowing through the landscape of the heart. ",Contentment,Positive
" Navigating the river of contentment, a serene boat cruise through the tranquil waters of inner peace and acceptance. ",Contentment,Positive
Excitement builds as the countdown to a long-awaited vacation begins. ,Excitement,Positive
"Reflecting on life's journey, grateful for the lessons learned. ",Gratitude,Positive
Admiration for the intricate details of a handcrafted masterpiece. ,Admiration,Positive
Gratitude for the simple joys found in a cup of morning coffee.    ,Gratitude,Positive
Amused by the antics of playful kittens during playtime.           ,Amusement,Positive
Excitement builds while preparing for a surprise celebration.     ,Excitement,Positive
Satisfaction derived from successfully completing a DIY project.  ,Satisfaction,Positive
Contentment in the midst of a family gathering filled with laughter. ,Contentment,Positive
Enthusiasm for learning new skills and expanding knowledge.      ,Enthusiasm,Positive
Optimism for a bright future amidst challenging times.           ,Optimism,Positive
Pride in achieving a personal milestone in career progression.   ,Pride,Positive
Happiness blooms like flowers in a garden on a sunny day.        ,Happiness,Positive
Heartfelt gratitude for the laughter shared during a family reunion. ,Gratitude,Positive
Giddy with excitement as the first snowflakes dance from the sky. ,Excitement,Positive
Contentment envelops as the aroma of freshly baked bread fills the air. ,Contentment,Positive
Imbued with gratitude for the simple pleasure of a warm cup of tea. ,Gratitude,Positive
"Tears fall like raindrops, mourning the end of a cherished friendship. ",Grief,Negative
"Haunted by regrets, the ghost of the past lingers relentlessly.   ",Regret,Negative
"Torn apart by grief, the echoes of loss reverberate through the soul. ",Grief,Negative
"Avoiding the thorns of regret, walking barefoot on the path of remorse. ",Regret,Negative
"In the labyrinth of grief, the walls echo with the footsteps of lost joy. ",Grief,Negative
"Tears, the ink staining the pages of a journal, a testament to silent grief. ",Grief,Negative
"Haunted by the specter of lost possibilities, a ghost that refuses to fade away. ",Regret,Negative
"Tears, the currency of grief, spent in the marketplace of lost love and longing. ",Grief,Negative
"In the symphony of grief, each tear is a note, composing a melancholic melody. ",Grief,Negative
"Swept away by the river of regret, the currents of the past refusing to release. ",Regret,Negative
"Dancing on sunshine, each step a celebration of the joy found in simple moments. ",Joy,Positive
"Laughter echoes in the air, a chorus of happiness that lifts the spirit higher. ",Happiness,Positive
"In the garden of contentment, each bloom whispers tales of inner peace and joy. ",Contentment,Positive
"Chasing dreams under the vibrant sky, a journey fueled by hope and enthusiasm. ",Enthusiasm,Positive
"Serenading the stars with a heart full of gratitude, a melody of thankfulness. ",Gratitude,Positive
"Overflowing with joy, a cup of laughter shared with friends, a moment cherished. ",Joy,Positive
"In the embrace of love, each heartbeat is a melody, dancing to the rhythm of affection. ",Love,Positive
"Surrounded by the colors of joy, a canvas painted with laughter and endless smiles. ",Joy,Positive
"In the symphony of excitement, each note is a burst of energy, igniting the soul with fervor. ",Excitement,Positive
"Floating on clouds of gratitude, each raindrop a blessing, a shower of thankfulness. ",Gratitude,Positive
"A symphony of laughter, each note a key to unlocking the door of boundless happiness. ",Happiness,Positive
"Exploring the wonders of Ferrari World, the roar of engines creating a symphony of speed. ",Excitement,Positive
"Amidst the tulip fields of Keukenhof, a tapestry of colors that paints the soul with springtime joy. ",Joy,Positive
"In the heart of New York City, Times Square dazzles with lights, a vibrant spectacle of urban energy. ",Excitement,Positive
"Immersed in the pulsating beats of a Bruno Mars concert, where 'Uptown Funk' becomes a city of joy. ",Joy,Positive
"Experiencing the magic of a Coldplay concert, where 'Fix You' becomes a beacon of hope in the night. ",Hope,Positive
"At a Justin Bieber concert, the infectious beats of 'Baby' create a dance floor of unbridled enthusiasm. ",Enthusiasm,Positive
"In the audience of a Jay-Z performance, the lyrics of 'Empire State of Mind' become an anthem of pride. ",Pride,Positive
"Captivated by the spellbinding plot twists, the audience applauds, experiencing a rollercoaster of emotions at the movie premiere. ",Excitement,Positive
"At the film festival, the indie filmmaker's creation receives a standing ovation, evoking pride and a sense of accomplishment. ",Pride,Positive
"At the Oscars, the actor graciously accepts an award, radiating joy and gratitude for the recognition of their outstanding performance. ",Gratitude,Positive
"As the closing scene unfolds, a sense of satisfaction washes over, completing the cinematic journey with a profound and fulfilling ending. ",Satisfaction,Positive
"Celebrating a historic victory in the World Cup, the nation erupts in joy, united by the triumph of their football team. ",Joy,Positive
"In the cricket championship, a nail-biting finish leaves fans on the edge of their seats, experiencing a rollercoaster of emotions. ",Excitement,Positive
"Witnessing a record-breaking marathon, spectators are filled with awe and admiration for the endurance and dedication of the runners. ",Admiration,Positive
"In the tennis tournament, a highly anticipated player experiences a setback, leaving fans in shock and questioning the unforeseen turn of events. ",Frustration,Negative
Successfully avoided eye contact with my crush in the hallway. Mission accomplished. #TeenCrush #StealthMode ,Excitement,Positive
Ran out of snacks during a movie marathon. Crisis level: Emergency! #MovieNightStruggles #TeenProblems ,Boredom,Negative
Spent an hour choosing the perfect filter for a selfie. The struggle for that Instagram aesthetic is real. #SelfieQueen #TeenVibes ,Joy,Positive
Lost my headphones again. How do they vanish into thin air? #HeadphoneMystery #TeenLife ,Frustration,Negative
"Got dressed for the day, then remembered it's Saturday. Oops. #WeekendVibes #TeenStruggles ",Indifference,Neutral
Survived a group project without any drama. Miracles do happen. #GroupProjectSuccess #TeenAchievements ,Satisfaction,Positive
"Entered the kitchen with the intention to cook. Left with a bag of chips. Cooking is overrated, anyway. #MasterChefInTraining #TeenHumor ",Disgust,Negative
"Discovered a new book series and spent the whole night reading. Who needs sleep, anyway? #BookwormLife #LateNightReading ",Joy,Positive
"Bought a new video game, played for hours, forgot to eat. The ultimate gaming session. #GamerLife #NoFoodGaming ",Excitement,Positive
Spent the day binge-watching a new series. Productivity level: Zero. #LazyDay #TVSeriesMarathon ,Joy,Positive
Caught up on the latest fashion trends and now planning a shopping spree. #Fashionista #TrendyTeen ,Excitement,Positive
Decided to learn a new instrument. Day one: Still trying to figure out how to hold it. #MusicNovice #LearningJourney ,Frustration,Negative
Spent hours creating the perfect playlist for every mood. Music is my therapy. #PlaylistMaker #TeenMusicLover ,Joy,Positive
Successfully cooked a gourmet meal for the family. Chef skills unlocked! #ChefMode #TeenChef ,Pride,Positive
Spontaneously booked a weekend getaway. Adventure awaits! #TravelBug #WeekendEscape ,Excitement,Positive
Attended a concert and danced the night away. Music is the heartbeat of life. #ConcertVibes #DanceAllNight ,Joy,Positive
Rediscovered childhood cartoons and had a nostalgia-filled marathon. #CartoonNostalgia #TeenMemories ,Joy,Positive
Embarked on a DIY home decor project. Let's hope it turns out better than last time. #DIYAdventure #TeenHomeDecor ,Excitement,Positive
Relishing a peaceful afternoon with a classic novel. Quiet moments are the best moments. #BookLover #PeacefulAfternoon ,Contentment,Positive
"Reflecting on a lifetime of memories, each wrinkle tells a story. Embracing the beauty of aging. #LifeReflections #BeautyInAging ",Gratitude,Positive
Savoring the flavors of a home-cooked meal. Simple joys are the heart of happiness. #HomeCooking #SimpleJoys ,Contentment,Positive
"Attended a classical music concert, feeling the timeless melodies resonate. Music transcends generations. #ClassicalMusic #TimelessMelodies ",Joy,Positive
Capturing the beauty of nature through photography. Every snapshot is a treasure. #NaturePhotography #SeniorPhotographer ,Joy,Positive
"Reconnecting with old friends over a cup of tea. Friendship, the true essence of companionship. #OldFriends #Companionship ",Contentment,Positive
"Embarked on a road trip to revisit cherished places from the past. Nostalgia, the ultimate travel companion. #RoadTrip #NostalgiaTour ",Joy,Positive
"Joined a community choir, harmonizing with fellow voices. Music creates bonds that withstand time. #CommunityChoir #HarmonyInAging ",Joy,Positive
"Exploring the art of meditation, finding tranquility in the stillness of the mind. #MeditationJourney #TranquilMind ",Contentment,Positive
"Taking a stroll in the garden, appreciating the beauty of blooming flowers. Nature's wonders never cease. #GardenWalk #FloralBeauty ",Contentment,Positive
"Sipping on a favorite vintage wine, each sip telling a story of the years gone by. Cheers to a life well-lived. #WineLover #VintageCheers ",Contentment,Positive
"Participated in a community art class, unleashing creativity in the golden years. Art has no age limit. #ArtClass #SeniorArtistry ",Joy,Positive
"Embarking on a journey of writing a memoir, documenting a lifetime of experiences. Every story matters. #MemoirWriting #SeniorStories ",Gratitude,Positive
"Rediscovered the joy of cooking traditional family recipes. The kitchen, a place of cherished memories. #FamilyRecipes #SeniorCooking ",Contentment,Positive
"Joined a nature photography club, capturing the beauty of the great outdoors. Every click is a connection to nature. #NaturePhotography #SeniorPhotographer ",Joy,Positive
"Attended a jazz concert and swayed to the rhythm of timeless tunes. Music, a constant companion in the golden years. #JazzConcert #SeniorMusic ",Joy,Positive
"Joined a writing group, penning down thoughts and reflections. Writing, a journey into the depths of the soul. #WritingGroup #SeniorWriter ",Gratitude,Positive
"Embarked on a solo travel adventure, discovering the beauty of new places at my own pace. #SoloTravel #SeniorExplorer ",Excitement,Positive
"Attended a vintage car show, reminiscing about the classics that once ruled the roads. Nostalgia in every rev. #VintageCars #ClassicRides ",Joy,Positive
"Started a community garden, growing not just plants but friendships too. Green thumbs unite! #CommunityGarden #SeniorGardener ",Joy,Positive
"Hosted a family dinner, where laughter echoed louder than the clinking of utensils. Family, the heart of happiness. #FamilyDinner #SeniorHost ",Contentment,Positive
"Enrolled in a dance class for seniors, moving to the rhythm of life. Age is just a number on the dance floor. #DanceClass #SeniorDancer ",Joy,Positive
"Visited an art gallery, appreciating the brushstrokes that tell tales of creativity. Art, an eternal companion. #ArtGallery #SeniorArtLover ",Joy,Positive
"Started a book club for seniors, where discussions are as lively as the characters in the novels. #BookClub #SeniorReaders ",Joy,Positive
"Hosted a picnic in the park, basking in the warmth of friendship and sunshine. Simple joys, timeless memories. #ParkPicnic #SeniorJoy ",Contentment,Positive
"Participated in a local theater production, proving that the stage belongs to every age. #TheaterProduction #SeniorActor ",Joy,Positive
"Embarked on a hiking adventure, conquering trails and relishing the beauty of nature. Age is just a number on the mountaintop. #HikingAdventure #SeniorHiker ",Excitement,Positive
Hosted a photography exhibition featuring snapshots of a life well-lived. Every photo has a story to tell. #PhotographyExhibition #SeniorPhotographer ,Gratitude,Positive
"Joined a seniors' cycling club, feeling the wind in my hair and the freedom of the open road. #CyclingClub #SeniorCyclist ",Excitement,Positive
"Attended a wine tasting event, savoring the richness of flavors that age like fine wine. Cheers to the golden years! #WineTasting #SeniorWineLover ",Joy,Positive
"Started learning ballroom dancing, gliding gracefully across the dance floor. Ageless elegance in every step. #BallroomDancing #SeniorDancer ",Joy,Positive
"Organized a community painting event, turning blank canvases into a masterpiece of shared creativity. #PaintingEvent #SeniorArtist ",Joy,Positive
"Hosted a 'memory lane' evening with old friends, reminiscing about the adventures that shaped our lives. #MemoryLane #SeniorReminiscing ",Gratitude,Positive
"Attended a local jazz festival, tapping toes to the tunes that have stood the test of time. Music, a lifelong love affair. #JazzFestival #SeniorMusicLover ",Joy,Positive
"Started a blog sharing the wisdom gained through the years, proving that every day is a chance to learn and grow. #SeniorWisdom #Blog ",Gratitude,Positive
"Participated in a charity run, proving that age is no barrier to supporting meaningful causes. #CharityRun #SeniorRunner ",Excitement,Positive
"Survived a challenging physics exam. Equations, you won't defeat me! ",Relief,Positive
Exploring the world of coding. Debugging is an adventure on its own! #CodingJourney #HighSchoolCoder ,Excitement,Positive
"Joined the school debate team. Words are my weapons, and I'm ready for battle! ",Excitement,Positive
"Started a photography club at school. Capturing moments, one snapshot at a time! ",Joy,Positive
"Daydreaming about the upcoming prom. The dress, the dance – it's a fairytale in the making! ",Excitement,Positive
Convinced the teacher to have class outdoors. Learning equations with a side of fresh air! ,Positive,Positive
"Accidentally spilled paint in art class. Abstract art, right? #ArtClassAdventures #HighSchoolArtist ",Embarrassed,Negative
Trying to master the perfect kickflip on my skateboard. Skating into the weekend like a pro! ,Excitement,Positive
Bonding with friends over the latest K-pop sensation. Fangirling at its finest! ,Joy,Positive
Spent hours perfecting a chemistry experiment. Mixing potions like a wizard! ,Joy,Positive
Successfully organized a surprise birthday party for a friend. Party planning expert mode: Achieved! ,Joy,Positive
"Joined the drama club to unleash my inner actor. Lights, camera, action! ",Excitement,Positive
Got my hands on the latest fantasy novel. Diving into realms of magic and adventure! ,Excitement,Positive
Mastering the art of the perfect doodle during boring classes. Doodles: A+! ,Joy,Positive
Attempting to break the school record for the longest handstand. Wish me luck! ,Excitement,Positive
Hosting a sleepover with friends this weekend. Preparing for a night of laughter and memories! ,Excitement,Positive
"Spent hours on a TikTok dance, only to realize I have two left feet. Dance fail: Unleashed! ",Embarrassed,Negative
Accidentally liked my crush's old photo while stalking their profile. Awkward level: Maximum! ,Embarrassed,Negative
Tried to impress my crush with a smooth conversation. Ended up spilling my drink. Smooth level: Nonexistent! ,Embarrassed,Negative
Mastered the art of creating paper airplanes during lecture. Paper planes: Soaring to new heights! ,Joy,Positive
Trying to set a new trend by juggling textbooks between classes. Academic juggling: A unique skill! ,Excitement,Positive
Planning a surprise scavenger hunt for friends. Anticipating the thrill and excitement! ,Excitement,Positive
Danced in the rain to celebrate the end of exams. Rain dance: Unexpectedly refreshing! ,Joy,Positive
Accidentally sent a text meant for a friend to the class group chat. Texting fail: Oops moment! ,Embarrassed,Negative
Tried a magic trick to impress classmates. Magic fail: Where did that rabbit go? ,Embarrassed,Negative
Perfecting the art of creating origami during a dull lecture. Origami mastery: A+! ,Joy,Positive
Attempting to set a new record for the most consecutive hacky sack kicks. Hacky sack skills: Unleashed! ,Excitement,Positive
Creating a secret handshake with friends. Friendship level: Expert! ,Joy,Positive
Embarking on a mission to find the best burger joint in town. Burger connoisseur: Reporting for duty! ,Excitement,Positive
Practicing a stand-up comedy routine for the upcoming talent show. Comedy gig: In the making! ,Joy,Positive
Accidentally sent a love letter to the wrong person. Love note fail: Maximum embarrassment! ,Embarrassed,Negative
Attempting to impress the teacher with an elaborate science experiment. Science geek mode: Activated! ,Excitement,Positive
Crafting intricate friendship bracelets for the whole squad. Friendship level: Expert weaver! ,Joy,Positive
Attempting to beat the record for the most consecutive cartwheels. Cartwheel challenge: Underway! ,Excitement,Positive
Organizing a movie marathon with friends. Popcorn and cinematic adventures await! ,Joy,Positive
Experimenting with a new hair color. A bold change for a bold semester! ,Excitement,Positive
Building a time capsule to capture memories for the future. Time-traveling emotions! ,Joy,Positive
Accidentally walked into the wrong classroom on the first day. Classroom mix-up: Awkward start! ,Embarrassed,Negative
Trying out a new smoothie recipe for a healthy start to the week. Smoothie enthusiast: Level up! ,Excitement,Positive
Reflecting on the challenges of the school year. Feeling a bit overwhelmed with assignments. ,Sad,Negative
Encountered some mean-spirited comments online. Dealing with online hate is never easy. ,Hate,Negative
Had a bad day at school. Everything seems to be going wrong. ,Bad,Negative
Feeling down after not making the sports team. Disappointment lingers. ,Sad,Negative
Witnessed a heated argument in the cafeteria. Unpleasant atmosphere at lunch. ,Hate,Negative
Received a not-so-great grade on a major project. Academic frustration setting in. ,Bad,Negative
Dealing with a personal setback. Sometimes life throws unexpected challenges. ,Sad,Negative
Feeling lonely on a Saturday night. Sometimes solitude hits harder than expected. ,Sad,Negative
Experiencing cyberbullying. Hateful messages online are disheartening. ,Hate,Negative
Caught in a torrential rainstorm without an umbrella. Today's weather is just bad luck. ,Bad,Negative
Missing an important event due to unforeseen circumstances. A day filled with sadness. ,Sad,Negative
Dealing with unfounded rumors circulating about personal life. Rumors can be hurtful. ,Hate,Negative
Got a flat tire on the way to an important meeting. Talk about a series of bad events! ,Bad,Negative
Feeling a sense of emptiness after a close friend moves away. Farewells are always sad. ,Sad,Negative
Facing rejection from a dream college. Disheartened but determined to explore other paths. ,Sad,Negative
Encountering online toxicity during a gaming session. Hateful comments can ruin the fun. ,Hate,Negative
Having a bad hair day and feeling self-conscious. Bad hair days can affect confidence. ,Bad,Negative
Feeling a sense of despair after a major project failure. Hard work didn't pay off this time. ,Sad,Negative
Experiencing hate comments for expressing personal opinions. Online negativity prevails. ,Hate,Negative
Having a string of bad luck with constant technology malfunctions. Tech troubles galore! ,Bad,Negative
Missing out on a long-anticipated event due to unexpected circumstances. A day filled with sadness. ,Sad,Negative
Trying out a new study technique for upcoming exams. Exploring different learning strategies. ,Neutral,Neutral
Organizing a community cleanup event for a cleaner neighborhood. Promoting environmental awareness. ,Neutral,Neutral
Sharing favorite book recommendations with classmates. Building a mini book club. ,Neutral,Neutral
Experimenting with a new recipe for a school bake sale. Baking adventures in the kitchen. ,Neutral,Neutral
Collaborating on a school project with peers. Teamwork makes the dream work. ,Neutral,Neutral
Attending a school club meeting to explore new interests. Dabbling in extracurricular activities. ,Neutral,Neutral
Exploring a new part-time job opportunity for gaining work experience. Career development in progress. ,Neutral,Neutral
Attending a school assembly to stay informed about upcoming events and announcements. Staying connected with school activities. ,Neutral,Neutral
Exploring a new hobby of photography during free time. Capturing moments through a lens. ,Neutral,Neutral
Participating in a science fair to showcase a unique experiment. Sharing knowledge with peers. ,Neutral,Neutral
Attending a workshop on time management to enhance organizational skills. Striving for efficiency. ,Neutral,Neutral
Volunteering at a local charity event to give back to the community. Contributing to social causes. ,Neutral,Neutral
Collaborating on a group project to promote teamwork and shared responsibilities. Group effort in action. ,Neutral,Neutral
Participating in a debate club to enhance critical thinking and communication skills. Intellectual engagement in progress. ,Neutral,Neutral
Celebrating a friend's birthday with a surprise party. Joyful moments and laughter all around! ,Happy,Positive
Successfully completing a challenging coding project. Excitement for overcoming coding hurdles! ,Happy,Positive
Attending a school talent show to support classmates. Applauding the diverse talents on display! ,Happy,Positive
"Exploring a new hiking trail with friends over the weekend. Nature, laughter, and good vibes! ",Happy,Positive
Winning a friendly sports competition against rival schools. Victory celebrations in full swing! ,Happy,Positive
Receiving a heartfelt letter from a pen pal in another country. Connecting across the globe! ,Happy,Positive
Creating a beautiful mural with fellow art enthusiasts. The power of collaboration and creativity! ,Happy,Positive
Participating in a school-wide art exhibition. Witnessing creativity and spreading positive vibes! ,Happy,Positive
Achieving a personal best in a track and field competition. The thrill of victory and self-improvement! ,Happy,Positive
Collaborating on a science project that received recognition at a regional fair. Science triumphs and smiles! ,Happy,Positive
"Attending a surprise birthday party organized by friends. Surrounded by love, laughter, and good company! ",Happy,Positive
Successfully fundraising for a school charity initiative. The joy of giving back to the community! ,Happy,Positive
"Participating in a multicultural festival, celebrating diversity with music, dance, and delicious food! ",Happy,Positive
"Organizing a virtual talent show during challenging times, bringing smiles to classmates' faces! ",Happy,Positive
